 Avg   , Parameters   , Filename   
-13.676759149797572, 1.0  2.0 , Near  E  Plot  2  Ground.csv 
-13.676759149797572, 3.0  4.0 , Near  E  Plot  2  Ground.csv 
-13.676759149797572, 5.0  6.0 , Near  E  Plot  2  Ground.csv 
-13.676759149797572, 7.0  8.0 , Near  E  Plot  2  Ground.csv 
